<?xml version="1.0"?>

<!DOCTYPE hibernate-configuration PUBLIC
  "-//Hibernate/Hibernate Configuration DTD 2.0//EN"
  "http://hibernate.sourceforge.net/hibernate-configuration-2.0.dtd">

<hibernate-configuration>
  <session-factory>
    <property name="dialect">net.sf.hibernate.dialect.HSQLDialect</property>
    <property name="show_sql">true</property>

    <mapping resource="examples/hibernate/entity/Employee.hbm.xml"/>
    <mapping resource="examples/hibernate/entity/Department.hbm.xml"/>
  </session-factory>
</hibernate-configuration>