<?xml version="1.0" encoding="UTF-8"?>
<!DOCTYPE hibernate-mapping PUBLIC "-//Hibernate/Hibernate Mapping DTD 2.0//EN" "http://hibernate.sourceforge.net/hibernate-mapping-2.0.dtd">
<hibernate-mapping >
    <class name="examples.hibernate.entity.Department" table="DEPT" >
        <id name="deptno" type="int" >
            <generator class="assigned"/>
        </id>
        <property name="dname" type="string" />
        <property name="loc" type="string" />

        <set name="employee" >
              <key column="DEPTNO" />
              <one-to-many class="examples.hibernate.entity.Employee" />
        </set>

    </class>
</hibernate-mapping>
