<?xml version="1.0"?>
<!DOCTYPE hibernate-configuration PUBLIC
	"-//Hibernate/Hibernate Configuration DTD 3.0//EN"
	"http://hibernate.sourceforge.net/hibernate-configuration-3.0.dtd">

<hibernate-configuration>
  <session-factory>
    <property name="dialect">org.hibernate.dialect.HSQLDialect</property>
    <property name="show_sql">true</property>

    <mapping resource="examples/hibernate/entity/Employee3.hbm.xml"/>
    <mapping resource="examples/hibernate/entity/Department3.hbm.xml"/>

  </session-factory>
</hibernate-configuration>